Rk,Nation,Squad,Age,Born,90s,Gls,Sh.2,SoT,SoT%,Sh/90,SoT/90,G/Sh,G/SoT,Dist,FK,PK,PKatt,xG,npxG,npxG/Sh,G-xG,np:G-xG,Cmp,Att,Cmp%,TotDist,PrgDist,Cmp,Att,Cmp%,Cmp,Att,Cmp%,Cmp,Att,Cmp%,Ast,xAG,xA,A-xAG,KP,FianlThirdPass,PPA,CrsPA,PrgP,Att,Live,Dead,FK,TB,Sw,Crs,TI,CK,In,Out,Str,Cmp,Off,Blocks,SCA,SCA90,PassLive,PassDead,TO,Sh.1,Fld,Def,GCA,GCA90,PassLive,PassDead,TO,Sh,Fld,Def.1,Tkl,TklW,Def 3rd,Mid 3rd,Att 3rd,Tkl,Att,Tkl%,Lost,Blocks,Sh,Pass,Int,Tkl+Int,Clr,Err,Touches,Def Pen,Def 3rd.1,Mid 3rd,Att 3rd,Att Pen,Live,Att,Succ,Succ%,Tkld,Tkld%,Carries,TotDist,PrgDist,PrgC,FinalThirdPos,CPA,Mis,Dis,Rec,PrgR,CrdY,CrdR,2CrdY,Fls,Fld,Off,Crs,Int,TklW,PKwon,PKcon,OG,Recov,Won,Lost,Won%,GA,PKA,FK,CK,OG,PSxG,PSxG/SoT,PSxG+/-,/90,Cmp,Att,Cmp%,Att (GK),Thr,Launch%,AvgLen,Att,Launch%,AvgLen,Opp,Stp,Stp%,#OPA,#OPA/90,AvgDist,Pos
1,us USA,Leeds United,21,2000,26.4,0.04,1.55,0.34,22,1.56,0.34,0.02,0.11,18.4,0.08,0,0,0.15,0.15,0.09,-0.11,-0.11,22.4,30.2,74.3,287,82.7,13.1,16,81.8,5.68,7.39,76.9,0.95,2.46,38.5,0.11,0.16,0.1,-0.05,1.74,1.78,0.61,0.15,3.26,30.2,26.9,3.22,0.98,0.3,0.08,2.73,0.19,1.44,0.64,0.53,0.04,22.4,0.04,1.02,3.6,3.6,2.16,0.64,0.27,0.19,0.3,0.04,0.27,0.27,0.11,0.04,0,0.04,0.04,0.04,1.7,0.68,0.61,0.83,0.27,0.57,1.74,32.6,1.17,1.63,0.11,1.52,0.19,1.89,0.23,0.04,43.3,0.45,4.39,18.8,21,2.73,43.3,3.79,1.29,34,1.82,48,26,138.1,58,1.63,1.29,0.49,2.69,3.11,29.1,5.72,0.08,0,0,0.61,2.08,0.23,2.73,0.19,0.68,0,0,0,4.85,0.3,1.48,17,0,0,0,0,0,0,0,0,0,0,0,0,0,0,0,0,0,0,0,0,0,0,0,0,0,FW
2,sct SCO,Southampton,26,1996,22.1,0.23,2.13,0.63,29.8,2.12,0.63,0.11,0.36,13.8,0,0,0,0.3,0.3,0.14,-0.08,-0.08,14.9,22.5,66.3,210.5,47.1,9.28,12.6,73.7,3.53,5.34,66.1,1.18,1.67,70.3,0.14,0.13,0.1,0.01,1.09,0.95,0.5,0.09,1.54,22.5,22.2,0.32,0,0.27,0.32,0.54,0.18,0,0,0,0,14.9,0.05,0.77,2.58,2.57,1.99,0.05,0.09,0.23,0.23,0,0.32,0.32,0.23,0,0,0,0.09,0,0.77,0.59,0.32,0.36,0.09,0.32,0.54,58.3,0.23,0.59,0.18,0.41,0.18,0.95,1,0,32.4,1.31,2.99,12.9,17.1,4.66,32.4,1.54,0.77,50,0.59,38.2,18.4,73.4,21.3,0.77,0.5,0.41,2.99,1.27,25.2,5.2,0.05,0,0,1.72,1.22,0.63,0.54,0.18,0.59,0,0,0,2.4,2.76,4.66,37.2,0,0,0,0,0,0,0,0,0,0,0,0,0,0,0,0,0,0,0,0,0,0,0,0,0,FW
3,us USA,Leeds United,23,1999,24,0,0.17,0,0,0.17,0,0,,27.5,0,0,0,0,0,0.03,0,0,46.2,56,82.5,691.3,210.9,25.3,28.6,88.5,16.3,19.2,84.8,2.63,4.46,58.9,0,0.06,0.04,-0.06,1,4.58,0.54,0,5.67,56,53,3,2.42,0.04,0.08,0.08,0.58,0,0,0,0,46.2,0,1,1.79,1.79,1.75,0,0,0,0.04,0,0.04,0.04,0.04,0,0,0,0,0,3.71,1.92,1.83,1.46,0.42,2.08,3.21,64.9,1.13,2,0.33,1.67,1.46,5.17,1.21,0,67.8,1.83,15.7,42.1,10.6,0.21,67.8,0.92,0.29,31.8,0.5,54.5,34.1,139.3,64.8,0.79,0.88,0,1.17,0.75,38.3,0.83,0.25,0.04,0.04,1.54,0.88,0.04,0.08,1.46,1.92,0,0,0,8.29,1.04,0.63,62.5,0,0,0,0,0,0,0,0,0,0,0,0,0,0,0,0,0,0,0,0,0,0,0,0,0,MF
4,eng ENG,Fulham,24,1997,23.2,0.04,0.69,0.17,25,0.69,0.17,0.06,0.25,21.2,0.04,0,0,0.03,0.03,0.04,0.01,0.01,45.9,56,82,975.1,365.4,11.4,13.2,86.3,28.1,31.7,88.8,5.86,9.61,61,0,0.02,0.02,-0.02,0.26,4.14,0.3,0,4.09,56,53.2,2.5,2.03,0.09,0.52,0.09,0.3,0,0,0,0,45.9,0.3,0.43,0.78,0.78,0.65,0,0,0.13,0,0,0,0,0,0,0,0,0,0,1.29,0.56,0.95,0.26,0.09,0.69,0.99,69.6,0.3,0.86,0.65,0.22,1.12,2.41,6.03,0.04,66.6,9.96,33.4,31.7,2.03,0.82,66.6,0.47,0.39,81.8,0.09,18.2,35.9,192.7,117.8,0.69,0.52,0.04,0.17,0.17,42,0.13,0.17,0,0,0.73,0.22,0.13,0.09,1.12,0.56,0,0,0,4.74,2.54,1.12,69.4,0,0,0,0,0,0,0,0,0,0,0,0,0,0,0,0,0,0,0,0,0,0,0,0,0,DF
5,ma MAR,West Ham,26,1996,17.7,0.11,0.68,0.11,16.7,0.68,0.11,0.17,1,9.9,0,0,0,0.12,0.12,0.19,-0.01,-0.01,33.8,43.1,78.5,689.4,301.2,12.7,13.8,91.8,16.2,18.9,85.7,4.63,9.55,48.5,0,0.03,0.02,-0.03,0.34,2.09,0.23,0,1.41,43.1,40.8,2.03,1.64,0,1.19,0,0,0,0,0,0,33.8,0.23,0.28,0.79,0.79,0.68,0.06,0,0.06,0,0,0,0,0,0,0,0,0,0,1.53,1.02,1.02,0.45,0.06,0.73,1.13,65,0.4,1.47,1.36,0.11,1.02,2.54,4.46,0.11,53.6,9.1,31.8,20.2,1.98,1.3,53.6,0.34,0.23,66.7,0,0,29.5,120.2,64.2,0.11,0.06,0,0.45,0.4,31.9,0.23,0.23,0,0,0.45,0.45,0.11,0,1.02,1.02,0,0.06,0,5.93,1.81,1.75,50.8,0,0,0,0,0,0,0,0,0,0,0,0,0,0,0,0,0,0,0,0,0,0,0,0,0,DF
6,dz ALG,Wolves,21,2001,12,0.08,0.83,0.42,50,0.84,0.42,0.1,0.2,14.1,0,0,0,0.06,0.06,0.07,0.02,0.02,39.2,48.2,81.3,589.9,196.1,22.3,25,89.3,14.1,17.1,82.4,1.67,2.67,62.5,0,0.08,0.07,-0.08,0.58,2.42,1.17,0.42,3.58,48.2,40.6,7.42,0.42,0,0.17,1.75,6.75,0.25,0.08,0.17,0,39.2,0.17,1.5,1.92,1.93,1.17,0.17,0.33,0.08,0.17,0,0,0,0,0,0,0,0,0,2.75,1.67,2.08,0.58,0.08,0.75,1.33,56.3,0.58,0.25,0,0.25,0.75,3.5,2.33,0,61.7,3.33,20,23.3,19.4,2.33,61.7,4.17,2.33,56,1.5,36,32.9,188.3,103.7,2.5,1.08,0.83,2.33,1,37.8,6.33,0.33,0,0,1.25,0.92,0.25,1.75,0.75,1.67,0,0.08,0.08,5.08,1.17,1.42,45.2,0,0,0,0,0,0,0,0,0,0,0,0,0,0,0,0,0,0,0,0,0,0,0,0,0,DF
7,ch SUI,Manchester City,27,1995,25.4,0,0.59,0.08,13.3,0.59,0.08,0,0,15.9,0,0,0,0.05,0.05,0.09,-0.05,-0.05,75.3,80.9,93,1284.8,403.9,34.1,35.5,96.1,35.6,37.2,95.6,4.61,6.54,70.5,0.04,0.02,0.04,0.02,0.28,5.51,0.12,0.04,4.57,80.9,78.7,2.17,1.1,0,0.31,0.24,1.06,0,0,0,0,75.3,0.08,0.31,0.91,0.91,0.87,0,0,0.04,0,0,0,0,0,0,0,0,0,0,1.42,0.98,0.59,0.71,0.12,0.91,1.42,63.9,0.51,1.06,0.35,0.71,0.63,2.05,1.3,0.04,87.8,4.76,32.1,49.1,6.93,1.34,87.8,0.47,0.24,50,0.12,25,60.8,332.4,198.4,0.94,1.57,0.04,0.47,0.12,68.3,0.67,0.08,0,0,0.94,0.47,0,0.24,0.63,0.98,0,0,0,5.35,0.91,1.34,40.4,0,0,0,0,0,0,0,0,0,0,0,0,0,0,0,0,0,0,0,0,0,0,0,0,0,DF
8,nl NED,Manchester City,27,1995,20.8,0.05,0.43,0.1,22.2,0.43,0.1,0.11,0.5,10.5,0,0,0,0.08,0.08,0.17,-0.03,-0.03,78.8,87.2,90.4,1259.6,430.4,38.6,40.7,94.9,35.8,38.9,92.1,3.03,4.71,64.3,0,0.03,0.06,-0.03,0.43,7.93,0.43,0.05,6.73,87.2,81,6.06,1.68,0.05,0.29,0.72,4.38,0,0,0,0,78.8,0.1,1.25,1.15,1.15,0.96,0.05,0,0.1,0,0.05,0.1,0.1,0.1,0,0,0,0,0,1.25,0.58,0.72,0.43,0.1,0.53,0.72,73.3,0.19,0.96,0.48,0.48,0.96,2.21,2.31,0,94.2,4.13,29.6,52.7,12.3,1.54,94.2,0.24,0.14,60,0.05,20,58.8,262.3,159.3,1.2,0.91,0.19,0.77,0,71.7,1.44,0.1,0,0,0.58,0.67,0.05,0.72,0.96,0.58,0,0,0,4.62,1.73,1.11,61,0,0,0,0,0,0,0,0,0,0,0,0,0,0,0,0,0,0,0,0,0,0,0,0,0,DF
9,es ESP,Liverpool,31,1991,13.9,0,0.72,0.07,10,0.72,0.07,0,0,24.1,0,0,0,0.03,0.03,0.04,-0.03,-0.03,68.1,78.9,86.2,1238.8,358.8,31.2,33.5,92.9,24.9,28.2,88.3,9.78,12.4,79.1,0,0.08,0.09,-0.08,1.22,7.91,1.44,0.07,8.63,78.9,76.5,2.23,1.65,0.58,1.08,0.22,0.43,0,0,0,0,68.1,0.22,1.58,2.88,2.87,2.37,0,0.22,0.07,0.07,0.14,0.14,0.14,0.14,0,0,0,0,0,3.09,1.73,1.44,1.51,0.14,1.01,1.65,60.9,0.65,1.08,0.22,0.86,1.51,4.6,0.94,0.14,90,3.24,19.6,57.3,13.5,0.58,90,2.16,1.51,70,0.29,13.3,51.7,261.8,123.8,0.94,1.51,0,0.94,1.58,65.5,1.73,0.14,0,0,1.29,1.8,0,0.22,1.51,1.73,0,0.07,0,7.99,1.01,1.73,36.8,0,0,0,0,0,0,0,0,0,0,0,0,0,0,0,0,0,0,0,0,0,0,0,0,0,MF
10,ar ARG,Southampton,19,2002,11.4,0.35,2.11,0.88,41.7,2.1,0.87,0.17,0.4,20,0,0,0,0.17,0.17,0.08,0.18,0.18,19.5,25.4,76.6,276.1,58.7,10,12,83.2,7.02,8.33,84.2,0.7,1.67,42.1,0.18,0.06,0.06,0.11,0.44,1.75,0.53,0,2.46,25.4,24.5,0.79,0.09,0.18,0.35,0.35,0.09,0,0,0,0,19.5,0.18,0.88,1.93,1.92,1.23,0,0.18,0.26,0.18,0.09,0.35,0.35,0.26,0,0,0.09,0,0,0.88,0.44,0.18,0.61,0.09,0.53,1.93,27.3,1.4,1.23,0.44,0.79,0.09,0.96,0.96,0,37.7,1.23,6.4,20.5,11.4,2.02,37.7,2.46,1.14,46.4,0.96,39.3,22.6,113.3,59.2,1.75,1.49,0.18,2.63,2.11,26,2.81,0.26,0,0,1.4,1.49,0.18,0.35,0.09,0.44,0,0,0,4.65,0.61,2.37,20.6,0,0,0,0,0,0,0,0,0,0,0,0,0,0,0,0,0,0,0,0,0,0,0,0,0,FW
11,eng ENG,Liverpool,23,1998,32.5,0.06,1.23,0.25,20,1.23,0.25,0.05,0.25,23.8,0.15,0,0,0.07,0.07,0.06,-0.01,-0.01,67.3,89.6,75.1,1279.7,502.2,30.8,34.6,89,25.3,32.2,78.7,10.2,19.8,51.6,0.28,0.35,0.28,-0.08,2.18,7.35,2.52,0.86,7.23,89.6,73.6,15.7,2.15,0.8,1.82,7.75,10.5,3.02,0.49,2.28,0.03,67.3,0.31,1.14,3.82,3.82,2.49,1.05,0.09,0.15,0.03,0,0.52,0.52,0.43,0.06,0.03,0,0,0,1.75,1.23,0.98,0.49,0.28,1.29,2.46,52.5,1.17,0.77,0.22,0.55,1.32,3.08,1.26,0.06,97.8,2.74,22.7,50.2,25.8,1.35,97.8,1.38,0.92,66.7,0.4,28.9,54.7,210.7,101.9,1.32,1.2,0.25,1.08,0.65,62.8,4.28,0.15,0,0,0.68,0.18,0.15,7.75,1.32,1.23,0,0,0,7.35,0.62,0.4,60.6,0,0,0,0,0,0,0,0,0,0,0,0,0,0,0,0,0,0,0,0,0,0,0,0,0,DF
12,br BRA,Liverpool,29,1992,37,0,0,0,,0,0,,,,0,0,0,0,0,,0,0,33.5,39.3,85.4,784.9,505.3,8.3,8.35,99.4,17.8,18,98.6,7.38,12.7,58.2,0.03,0.01,0,0.02,0.03,0.43,0,0,0.08,39.3,32.4,6.76,1.54,0,0.05,0,0,0,0,0,0,33.5,0.11,0.03,0.08,0.08,0.08,0,0,0,0,0,0.05,0.05,0.05,0,0,0,0,0,0,0,0,0,0,0,0.08,0,0.08,0.08,0,0.08,0,0,0.54,0,41.5,30.4,40.5,1.05,0,0,41.5,0.05,0.05,100,0,0,26.6,125.8,80.1,0,0,0,0.03,0,24.4,0,0.03,0,0,0.03,0.14,0,0,0,0,0,0,0,1.92,0.3,0.03,91.7,1.16,0.05,0,0,0.05,1.38,0.33,0.27,0.27,3.14,7.65,41,33.9,5.68,18.4,26.9,5.22,26.9,31.3,10.7,0.62,5.8,2.41,2.41,19.8,GK
13,py PAR,Newcastle Utd,28,1994,27.7,0.4,2.49,0.72,29,2.49,0.72,0.16,0.55,16.4,0,0,0,0.29,0.29,0.12,0.11,0.11,29.3,35.5,82.6,388.2,95.9,18.5,20.5,90.5,8.05,9.96,80.8,1.05,1.44,72.5,0.07,0.12,0.11,-0.04,0.94,1.62,1.3,0.14,4.48,35.5,34.2,1.08,0,0.11,0.14,0.94,0.65,0.4,0,0,0,29.3,0.22,1.05,3.14,3.14,2.27,0.07,0.36,0.32,0.11,0,0.47,0.47,0.18,0.04,0.18,0.07,0,0,1.66,1.08,0.58,0.69,0.4,0.65,1.52,42.9,0.87,0.9,0.07,0.83,0.36,2.02,0.61,0,46.9,0.9,5.31,15.1,27.4,4.98,46.9,2.85,1.23,43,1.19,41.8,30.4,194.5,84.5,2.78,1.66,0.9,1.84,1.01,33.4,9.53,0.07,0,0,0.79,1.19,0.32,0.94,0.36,1.08,0,0,0,5.02,0.22,0.36,37.5,0,0,0,0,0,0,0,0,0,0,0,0,0,0,0,0,0,0,0,0,0,0,0,0,0,FW
14,ar ARG,Manchester City,22,2000,16.3,0.55,2.82,1.23,43.5,2.83,1.23,0.17,0.4,16,0,0.06,0.06,0.43,0.38,0.13,0.12,0.11,24.2,30.9,78.5,335.7,54.3,14.2,16.6,85.9,6.32,8.28,76.3,1.72,2.64,65.1,0,0.11,0.1,-0.11,1.1,1.35,0.8,0.12,2.27,30.9,29.3,1.29,0.12,0.43,0.18,1.6,0.25,0.25,0.18,0,0,24.2,0.25,1.04,3.19,3.2,2.39,0,0.37,0.31,0.12,0,0.31,0.31,0.12,0,0.06,0.06,0.06,0,1.6,0.98,0.18,0.8,0.61,0.55,1.84,30,1.29,0.8,0,0.8,0.12,1.72,0.37,0,40.1,0.49,2.82,15.6,22.1,5.46,40.1,2.33,1.29,55.3,0.86,36.8,24.9,134.2,55.7,2.33,1.1,1.04,1.72,1.47,31,6.07,0,0,0,1.29,0.86,0.18,1.6,0.12,0.98,0.06,0,0,2.7,0.49,1.41,25.8,0,0,0,0,0,0,0,0,0,0,0,0,0,0,0,0,0,0,0,0,0,0,0,0,0,FW
15,gh GHA,Leicester City,27,1994,17.9,0,0.34,0.11,33.3,0.34,0.11,0,0,17.4,0,0,0,0.06,0.06,0.18,-0.06,-0.06,56.7,62.2,91.1,978,368.2,24.7,26.4,93.4,27.8,29.4,94.7,3.46,5.08,68.1,0,0.03,0.02,-0.03,0.28,3.24,0.06,0,3.69,62.2,61,1.12,0.84,0.11,0.11,0,0.28,0,0,0,0,56.7,0.11,0.11,0.84,0.84,0.84,0,0,0,0,0,0.06,0.06,0.06,0,0,0,0,0,1.06,0.45,0.73,0.28,0.06,0.67,0.78,85.7,0.11,1.34,0.95,0.39,0.45,1.51,3.97,0,71.5,10.3,36.8,32.3,2.57,0.5,71.5,0.28,0.11,40,0.11,40,43.5,207.8,127.1,1.28,0.61,0,0.45,0.22,50.8,0.28,0.06,0,0,0.39,0.17,0,0,0.45,0.45,0,0.06,0,6.03,1.9,1.45,56.7,0,0,0,0,0,0,0,0,0,0,0,0,0,0,0,0,0,0,0,0,0,0,0,0,0,DF
16,dk DEN,Crystal Palace,26,1996,30.9,0.03,0.71,0.29,40.9,0.71,0.29,0.05,0.11,13.9,0.03,0,0,0.06,0.06,0.08,-0.03,-0.03,50.5,63.8,79.2,1180.4,450.2,11.2,12.7,88.5,30,32.6,92.1,9.09,17.3,52.6,0,0.04,0.03,-0.04,0.39,4.95,0.26,0.03,3.4,63.8,59.5,3.98,3.46,0.13,1.42,0.32,0.42,0.03,0,0,0,50.5,0.29,0.42,0.81,0.81,0.65,0.1,0,0,0.03,0.03,0.03,0.03,0,0.03,0,0,0,0,1.36,0.71,0.97,0.39,0,0.52,1.04,50,0.52,0.91,0.42,0.49,0.78,2.14,6.08,0.03,74.5,11.5,39.9,32.2,2.88,1.26,74.5,0.29,0.16,55.6,0.13,44.4,42.7,222.9,122.6,0.52,0.26,0.06,0.26,0.1,48.5,0.23,0.26,0,0,0.87,0.52,0.06,0.32,0.78,0.71,0,0,0.06,5.83,2.82,1.1,71.9,0,0,0,0,0,0,0,0,0,0,0,0,0,0,0,0,0,0,0,0,0,0,0,0,0,DF
17,eng ENG,Bournemouth,22,1999,14,0.21,1.57,0.93,59.1,1.58,0.93,0.14,0.23,19.3,0.14,0,0,0.16,0.16,0.1,0.06,0.06,27.6,37.6,73.6,415.6,115,16.1,18.4,87.5,7.86,10.7,73.3,2.21,4.5,49.2,0.07,0.07,0.08,0,0.86,1.71,1.36,0.5,3.5,37.6,34.3,3.21,0.64,0.14,0.36,3.07,1.5,1,0.64,0.07,0.07,27.6,0.07,1.29,2.71,2.72,2,0.21,0.29,0.07,0.07,0.07,0.29,0.29,0.14,0,0.07,0,0.07,0,2.14,1.21,1.07,0.64,0.43,0.57,1.71,33.3,1.14,2.14,0.21,1.93,0.71,2.86,1.36,0,51.2,1.64,10.7,19.4,21.7,2.36,51.2,3.36,1.07,31.9,2.14,63.8,30.2,174.9,73.7,2.21,1.79,0.93,1.79,1.93,33.1,5.14,0.14,0,0,0.64,0.86,0.36,3.07,0.71,1.21,0,0,0,5.71,0.71,0.86,45.5,0,0,0,0,0,0,0,0,0,0,0,0,0,0,0,0,0,0,0,0,0,0,0,0,0,MF
18,jm JAM,West Ham,32,1990,20.3,0.25,1.92,0.64,33.3,1.92,0.64,0.13,0.38,11.6,0,0,0,0.33,0.33,0.17,-0.08,-0.08,9.16,17.1,53.4,131.2,24.7,5.62,8.28,67.9,2.71,5.32,50.9,0.59,1.53,38.7,0.15,0.06,0.04,0.08,0.74,0.59,0.39,0.1,1.33,17.1,16.5,0.59,0.05,0.05,0.05,1.72,0.39,0,0,0,0,9.16,0.05,0.89,1.92,1.92,1.18,0,0.34,0.15,0.25,0,0.44,0.44,0.3,0,0.15,0,0,0,0.69,0.34,0.05,0.39,0.25,0.15,0.59,25,0.44,0.64,0.25,0.39,0.25,0.94,0.44,0,29.4,0.74,1.92,12.9,15.2,3.94,29.4,3.25,1.33,40.9,1.43,43.9,18.5,127.3,60.9,2.41,1.28,0.89,3.74,2.22,23.4,5.91,0.1,0,0,1.38,2.17,0.59,1.72,0.25,0.34,0,0.05,0,2.12,2.46,4.33,36.2,0,0,0,0,0,0,0,0,0,0,0,0,0,0,0,0,0,0,0,0,0,0,0,0,0,FW
19,br BRA,Manchester Utd,22,2000,20,0.2,3.6,1.2,33.3,3.6,1.2,0.06,0.17,19.6,0,0,0,0.33,0.33,0.09,-0.13,-0.13,32.5,41,79.5,424.9,95.8,21.9,24.8,88.7,7.3,9.85,74.1,1.55,2.55,60.8,0.1,0.14,0.12,-0.04,1.4,1.45,1.65,0.1,3.7,41,40.2,0.75,0.05,0.15,0.1,1.6,0.65,0.05,0,0,0,32.5,0,1.45,3.7,3.69,3.05,0,0.25,0.15,0.2,0.05,0.35,0.35,0.3,0,0.05,0,0,0,1.1,0.45,0.45,0.45,0.2,0.4,1.4,28.6,1,0.9,0,0.9,0.55,1.65,0.3,0,53.3,0.6,6.7,17.4,30.4,4.25,53.3,3.85,1.5,39,1.9,49.4,38.1,239.2,128.4,4.75,3,1.6,1.85,0.6,40.6,8.4,0.25,0,0,0.75,1.25,0.1,1.6,0.55,0.45,0,0,0,4.95,0.25,0.95,20.8,0,0,0,0,0,0,0,0,0,0,0,0,0,0,0,0,0,0,0,0,0,0,0,0,0,FW
20,ng NGA,Southampton,26,1996,13.6,0.15,1.03,0.59,57.1,1.03,0.59,0.14,0.25,10.9,0,0,0,0.11,0.11,0.11,0.04,0.04,20.6,28.3,72.7,264,66.7,13.8,17.6,77.9,4.85,6.4,75.9,0.66,0.88,75,0,0.06,0.04,-0.06,0.66,1.47,0.66,0,2.87,28.3,27.6,0.66,0,0,0,0.59,0.15,0,0,0,0,20.6,0,1.18,1.99,1.99,1.69,0,0.07,0.07,0.07,0.07,0.15,0.15,0.07,0,0.07,0,0,0,2.28,1.47,1.1,0.88,0.29,0.81,1.47,55,0.66,1.03,0.07,0.96,0.74,3.01,0.81,0,41.6,1.03,6.4,19.8,16.3,3.38,41.6,2.87,1.25,43.6,1.54,53.8,21.6,95.1,45.2,1.4,0.74,0.51,2.57,1.62,26,4.71,0.15,0,0,0.74,0.96,0,0.59,0.74,1.47,0,0,0,5.59,2.21,3.16,41.1,0,0,0,0,0,0,0,0,0,0,0,0,0,0,0,0,0,0,0,0,0,0,0,0,0,MF
21,eng ENG,Southampton,25,1997,14.8,0.14,1.69,0.81,48,1.69,0.81,0.08,0.17,15.9,0,0,0,0.14,0.14,0.08,-0.01,-0.01,14.9,20.4,72.8,218.6,39.5,8.11,9.86,82.2,4.8,6.01,79.8,0.88,1.55,56.5,0.07,0.09,0.05,-0.02,0.74,0.88,0.68,0.14,1.08,20.4,18,2.36,0,0,0.27,0.95,0.2,0,0,0,0,14.9,0,1.42,1.62,1.62,1.28,0,0.14,0.07,0.07,0.07,0.14,0.13,0.07,0,0,0,0,0.07,0.95,0.61,0.41,0.34,0.2,0.2,0.68,30,0.47,1.01,0.2,0.81,0.34,1.28,0.41,0,30.9,0.74,4.8,11.9,15,3.11,30.9,2.91,0.88,30.2,1.69,58.1,17.2,158,67.3,2.64,1.96,0.74,1.62,1.49,18.4,4.73,0.14,0,0,1.15,0.61,0.14,0.95,0.34,0.61,0,0,0,3.65,0.34,1.42,19.2,0,0,0,0,0,0,0,0,0,0,0,0,0,0,0,0,0,0,0,0,0,0,0,0,0,FW
22,sct SCO,Southampton,30,1992,15.6,0.13,1.47,0.38,26.1,1.47,0.38,0.09,0.33,17.9,0,0,0,0.15,0.15,0.1,-0.03,-0.03,34,43.3,78.6,515.4,142.6,19,21.9,86.8,12.1,14.5,83.6,1.86,3.53,52.7,0.06,0.14,0.18,-0.08,1.15,3.01,2.05,0.45,4.81,43.3,40.6,2.56,0.26,0.19,0.19,2.37,0.9,0.13,0,0.13,0,34,0.13,1.54,3.21,3.2,2.5,0.06,0,0.38,0.26,0,0.13,0.13,0.06,0,0,0,0.06,0,2.05,1.35,0.96,0.83,0.26,0.9,2.5,35.9,1.6,1.15,0,1.15,0.64,2.69,0.58,0.13,55.4,1.35,8.53,25.8,21.9,2.37,55.4,3.33,1.41,42.3,1.35,40.4,34.6,247.4,122.4,3.91,2.88,0.64,1.79,1.79,38.2,5.64,0.38,0,0,1.09,1.28,0.06,2.37,0.64,1.35,0,0,0,5.32,0.38,0.51,42.9,0,0,0,0,0,0,0,0,0,0,0,0,0,0,0,0,0,0,0,0,0,0,0,0,0,MF
23,es ESP,Chelsea,27,1994,28.5,0,0,0,,0,0,,,,0,0,0,0,0,,0,0,30.6,36.7,83.3,677.2,401.7,10.1,10.1,99.3,13.7,13.9,98.7,6.67,12.5,53.2,0,0,0,0,0,0.21,0,0,0,36.7,28.2,8.46,2.07,0,0.11,0,0,0,0,0,0,30.6,0,0.04,0.04,0.04,0.04,0,0,0,0,0,0,0,0,0,0,0,0,0,0.07,0.07,0.07,0,0,0.07,0.11,66.7,0.04,0,0,0,0.04,0.11,0.56,0.07,39.3,31.3,38.7,0.56,0,0,39.3,0.04,0.04,100,0,0,22.9,101.5,59.1,0,0,0,0.04,0,21.2,0,0.04,0,0,0,0.28,0,0,0.04,0.07,0,0,0,1.47,0.39,0.04,91.7,1.16,0.04,0.04,0.14,0.11,1.23,0.29,0.18,0.18,2.39,7.47,31.9,30.3,5.3,17.1,26.3,6.39,35.7,31.5,11.6,0.53,4.5,1.82,1.82,16.9,GK
24,ci CIV,Nott'ham Forest,29,1992,21.6,0.05,0.42,0.14,33.3,0.42,0.14,0.11,0.33,16.2,0,0,0,0.04,0.04,0.09,0.01,0.01,30.9,43.7,70.7,471.4,203.4,17.3,21,82.2,10.9,15.4,70.9,1.9,4.35,43.6,0,0.05,0.04,-0.05,0.46,2.04,0.6,0.28,3.29,43.7,35.1,8.47,0.74,0.05,0,1.85,7.73,0,0,0,0,30.9,0.09,1.3,1.2,1.2,0.97,0.09,0,0,0.09,0.05,0.05,0.05,0,0.05,0,0,0,0,2.96,1.9,1.9,0.83,0.23,1.06,1.53,69.7,0.46,1.57,0.51,1.06,1.34,4.31,3.47,0,57.3,4.95,22.4,23.4,12.2,0.6,57.3,1.48,0.74,50,0.51,34.4,24.1,110.8,64.7,1.71,1.2,0.09,1.44,0.83,26.6,2.31,0.09,0,0,0.83,0.88,0,1.85,1.34,1.9,0,0,0,5.83,2.13,1.48,59,0,0,0,0,0,0,0,0,0,0,0,0,0,0,0,0,0,0,0,0,0,0,0,0,0,DF
25,ng NGA,Nott'ham Forest,24,1997,15.6,0.64,2.24,0.96,42.9,2.24,0.96,0.29,0.67,11.8,0,0,0,0.42,0.42,0.19,0.22,0.22,9.17,14.3,64.1,107.4,19.2,6.15,8.53,72.2,2.18,3.33,65.4,0.13,0.51,25,0.06,0.07,0.02,-0.01,0.64,0.38,0.13,0,0.77,14.3,14.1,0.19,0,0.13,0.06,0.19,0.06,0,0,0,0,9.17,0,0.58,1.6,1.6,1.15,0,0.13,0.13,0.13,0.06,0.26,0.26,0.13,0,0.06,0.06,0,0,1.09,0.64,0.13,0.64,0.32,0.38,0.77,50,0.38,1.15,0.26,0.9,0.26,1.35,1.28,0,27.8,1.41,3.97,11.3,13,3.53,27.8,1.47,0.58,39.1,0.71,47.8,15.8,81.3,34,1.15,0.83,0.58,4.36,1.86,18.2,3.53,0.13,0,0,1.54,1.22,0.96,0.19,0.26,0.64,0,0,0,3.59,1.28,3.91,24.7,0,0,0,0,0,0,0,0,0,0,0,0,0,0,0,0,0,0,0,0,0,0,0,0,0,FW
26,gh GHA,Crystal Palace,30,1991,30.2,0.13,1.06,0.33,31.3,1.06,0.33,0.13,0.4,16.1,0,0,0,0.11,0.11,0.1,0.03,0.03,22.4,29,77.3,288.4,56.5,14.4,16.4,87.7,6.36,8.15,78,0.5,1.32,37.5,0.1,0.11,0.09,-0.01,1.03,1.13,0.63,0.2,2.09,29,28.5,0.43,0.1,0.17,0.03,1.42,0.3,0,0,0,0,22.4,0.07,1.13,2.58,2.59,1.75,0,0.3,0.2,0.23,0.1,0.26,0.27,0.17,0,0.03,0.03,0.03,0,2.19,1.36,0.76,0.66,0.76,0.7,1.75,39.6,1.06,1.16,0.13,1.03,0.5,2.68,1.03,0,43.9,1.52,6.36,20.2,18.5,3.25,43.9,4.93,2.15,43.6,1.95,39.6,26.5,172,78.5,2.75,1.66,1.03,3.54,2.75,30.9,5.76,0.17,0,0,1.59,2.98,0.13,1.42,0.5,1.36,0,0,0,5.5,1.66,3.05,35.2,0,0,0,0,0,0,0,0,0,0,0,0,0,0,0,0,0,0,0,0,0,0,0,0,0,MF
27,eng ENG,Leeds United,30,1991,22.8,0.09,1.05,0.22,20.8,1.05,0.22,0.08,0.4,15.1,0,0,0,0.14,0.14,0.13,-0.05,-0.05,34.5,49.6,69.4,549.3,273.5,19.3,22.3,86.4,11.7,16.4,71.4,2.72,6.8,40,0.04,0.09,0.1,-0.04,0.53,2.68,0.79,0.44,3.38,49.6,40,9.3,0.96,0,0.48,2.72,8.33,0,0,0,0,34.5,0.35,2.02,1.75,1.75,1.45,0,0,0.13,0.09,0.09,0.04,0.04,0.04,0,0,0,0,0,2.89,1.62,1.84,0.66,0.39,1.84,3.73,49.4,1.89,1.49,0.48,1.01,1.14,4.04,2.28,0.09,62,3.46,20.4,25.4,17.1,2.46,62,1.45,0.57,39.4,0.75,51.5,28.4,130,64.9,1.23,0.88,0.18,1.01,0.53,30.7,4.39,0.13,0,0,0.66,1.54,0.04,2.72,1.14,1.62,0,0.04,0,6.67,2.06,2.5,45.2,0,0,0,0,0,0,0,0,0,0,0,0,0,0,0,0,0,0,0,0,0,0,0,0,0,DF
28,es ESP,Chelsea,32,1989,17,0,0.53,0.06,11.1,0.53,0.06,0,0,18.2,0,0,0,0.02,0.02,0.05,-0.02,-0.02,51.3,62.6,81.9,758.3,256.1,29.5,31.6,93.1,19.8,24.4,81.4,1.24,4.35,28.4,0,0.06,0.08,-0.06,0.71,2.35,1.12,0.29,4.18,62.6,52.5,9.94,1.76,0,0,1.53,8.18,0,0,0,0,51.3,0.18,0.82,1.47,1.47,1.47,0,0,0,0,0,0.06,0.06,0.06,0,0,0,0,0,2.53,1.47,1.35,0.88,0.29,1.29,2.18,59.5,0.88,1.53,0.29,1.24,1.12,3.65,3.18,0.06,73.2,4.94,24.9,30,18.8,1.47,73.2,0.76,0.41,53.8,0.29,38.5,36,158.3,92.5,1.35,1.12,0,0.71,0.29,44.3,4.76,0.18,0,0,1.59,0.41,0.12,1.53,1.12,1.47,0,0,0.06,3.47,1.71,1.12,60.4,0,0,0,0,0,0,0,0,0,0,0,0,0,0,0,0,0,0,0,0,0,0,0,0,0,DF
29,fr FRA,Chelsea,21,2001,10.1,0.1,0.59,0.2,33.3,0.6,0.2,0.17,0.5,7.2,0,0,0,0.12,0.12,0.2,-0.02,-0.02,76.1,85.1,89.4,1392.2,509.9,28.1,31.2,90.2,41.5,44.4,93.5,5.74,8.22,69.9,0,0.05,0.02,-0.05,0.3,4.65,0.5,0,5.54,85.1,83.2,1.88,1.68,0.1,0.59,0.2,0.2,0,0,0,0,76.1,0.1,0.4,1.19,1.19,1.09,0,0,0,0,0.1,0,0,0,0,0,0,0,0,1.39,0.79,0.99,0.4,0,0.89,1.39,64.3,0.5,0.5,0.2,0.3,1.58,2.97,3.37,0.1,93.6,9.41,46.4,45.3,2.48,1.09,93.6,0.3,0.1,33.3,0.2,66.7,62.4,299,175.6,1.09,0.2,0,0.2,0.3,68.2,0.2,0.2,0,0,0.89,0.59,0,0.2,1.58,0.79,0,0,0,7.52,3.47,1.39,71.4,0,0,0,0,0,0,0,0,0,0,0,0,0,0,0,0,0,0,0,0,0,0,0,0,0,DF
30,jm JAM,Aston Villa,24,1997,21.9,0.18,2.33,0.64,27.5,2.33,0.64,0.08,0.29,18.1,0.14,0,0,0.24,0.24,0.1,-0.06,-0.06,15.4,25,61.6,245.6,58.7,8.68,11.3,76.6,4.43,7.03,63,1.6,3.42,46.7,0.18,0.22,0.22,-0.04,1.37,0.87,0.96,0.68,1.28,25,23.2,1.83,0.18,0.18,0.23,4.38,0.46,0.82,0.59,0,0,15.4,0,1.42,2.83,2.84,1.83,0.09,0.46,0.32,0.14,0,0.37,0.37,0.23,0,0,0.14,0,0,0.64,0.27,0.27,0.32,0.05,0.23,0.91,25,0.68,0.59,0,0.59,0.27,0.91,0.55,0,37.1,0.73,4.16,12.9,20.8,4.06,37.1,5.11,1.87,36.6,2.51,49.1,23.8,183.9,77.9,3.88,1.51,1.74,2.19,2.42,25.6,8.31,0.18,0,0,1.32,1,0.41,4.38,0.27,0.27,0,0.05,0,3.29,1.1,2.1,34.3,0,0,0,0,0,0,0,0,0,0,0,0,0,0,0,0,0,0,0,0,0,0,0,0,0,FW
31,eng ENG,Leeds United,28,1993,16.8,0.24,2.86,0.95,33.3,2.85,0.95,0.08,0.25,14.7,0.06,0,0.12,0.51,0.41,0.15,-0.27,-0.17,13.6,19.8,68.8,144.1,32,9.88,12.6,78.7,2.08,3.81,54.7,0.12,0.48,25,0.12,0.06,0.05,0.06,0.71,1.07,0.54,0,1.37,19.8,17.5,2.26,0,0.06,0,0.3,0.06,0,0,0,0,13.6,0.06,0.6,1.61,1.6,1.01,0,0.06,0.3,0.18,0.06,0.36,0.36,0.24,0,0.06,0.06,0,0,0.54,0.36,0,0.36,0.18,0.24,1.19,20,0.95,0.71,0.3,0.42,0.3,0.83,0.77,0,32.7,1.13,2.02,15.3,15.8,4.94,32.6,2.02,0.65,32.4,1.13,55.9,17.3,70.6,26.6,1.01,1.01,0.77,3.33,1.25,23,5.71,0.18,0,0,1.49,1.61,1.07,0.3,0.3,0.36,0,0,0,2.98,2.14,2.5,46.2,0,0,0,0,0,0,0,0,0,0,0,0,0,0,0,0,0,0,0,0,0,0,0,0,0,FW
32,eng ENG,Leicester City,24,1997,30.1,0.43,2.39,1.13,47.2,2.39,1.13,0.18,0.38,15.9,0,0,0,0.3,0.3,0.12,0.14,0.14,18.2,26.1,69.8,237.6,66.6,12.1,15.3,78.6,4.72,6.98,67.6,0.56,1.23,45.9,0.03,0.1,0.07,-0.07,0.63,1.3,1.03,0.17,2.62,26.1,25.5,0.33,0,0.17,0.03,1.46,0.27,0,0,0,0,18.2,0.23,1.03,2.09,2.09,1.43,0,0.1,0.3,0.23,0.03,0.47,0.46,0.27,0,0.03,0.07,0.07,0.03,0.86,0.47,0.27,0.47,0.13,0.47,1.4,33.3,0.93,1.06,0.03,1.03,0.27,1.13,0.4,0,38,0.56,4.25,14.5,19.9,4.42,38,3.02,0.9,29.7,1.76,58.2,24.4,171.9,91.3,3.32,2.39,1.59,2.49,1.4,29.9,8.54,0.1,0,0,1.26,1.23,0.3,1.46,0.27,0.47,0,0,0,3.36,0.96,1.89,33.7,0,0,0,0,0,0,0,0,0,0,0,0,0,0,0,0,0,0,0,0,0,0,0,0,0,FW
33,ie IRL,Southampton,20,2002,32,0,0,0,,0,0,,,,0,0,0,0,0,,0,0,22.4,36.8,61,672.8,509,5.72,5.78,98.9,8,8.22,97.3,8.69,22.6,38.5,0,0,0,0,0.03,1.31,0.03,0,0.03,36.8,26.5,10.2,2.75,0,0.03,0,0,0,0,0,0,22.4,0.19,0,0.22,0.22,0.16,0.06,0,0,0,0,0,0,0,0,0,0,0,0,0.03,0,0.03,0,0,0.03,0.03,100,0,0,0,0,0.03,0.06,0.75,0.06,39.2,28.4,38.6,0.59,0,0,39.2,0,0,,0,,23.3,115.6,64.8,0,0,0,0,0,18.7,0,0,0,0,0.03,0.06,0,0,0.03,0,0,0.03,0,1.22,0.41,0,100,1.75,0.03,0.03,0.22,0.13,1.1,0.28,-0.53,-0.53,6.63,19.7,33.7,29.2,4.5,50.2,38.1,7.41,67.5,50,14.3,1.13,7.9,1.5,1.5,15.1,GK
34,pl POL,Southampton,26,1996,18.6,0,0.43,0,0,0.43,0,0,,14.2,0,0,0,0.02,0.02,0.05,-0.02,-0.02,40.5,48.5,83.5,749.5,301.5,15.8,18.1,86.9,20.4,22.4,91.1,3.87,6.67,58.1,0,0.01,0.01,-0.01,0.16,1.77,0.05,0,2.42,48.5,45.6,2.8,1.88,0,0.16,0.05,0.65,0,0,0,0,40.5,0.05,0.43,0.38,0.38,0.27,0.05,0,0.05,0,0,0,0,0,0,0,0,0,0,1.45,1.13,1.08,0.38,0,0.65,0.86,75,0.22,2.04,1.45,0.59,2.63,4.09,4.68,0,60.6,11,34.1,24.7,1.99,0.75,60.6,0.11,0.05,50,0.05,50,31.1,143.6,84.9,0.43,0.05,0,0.11,0.05,32.5,0.11,0.27,0,0,0.81,0.38,0,0.05,2.63,1.13,0,0,0.05,5.27,2.15,0.86,71.4,0,0,0,0,0,0,0,0,0,0,0,0,0,0,0,0,0,0,0,0,0,0,0,0,0,DF
35,de GER,Southampton,20,2001,20.9,0,0.67,0.1,14.3,0.67,0.1,0,0,16.1,0,0,0,0.05,0.05,0.07,-0.05,-0.05,35.8,44.8,79.9,668.9,216.3,13.9,15.6,89.2,18.4,20.3,90.6,3.21,7.61,42.1,0.1,0.05,0.02,0.05,0.29,1.53,0.19,0,1.87,44.8,43.4,1.34,1,0.05,0.43,0.19,0.24,0,0,0,0,35.8,0.05,0.57,0.67,0.67,0.33,0,0.05,0.14,0.1,0.05,0.1,0.1,0.05,0,0,0.05,0,0,1.77,0.81,1.34,0.43,0,0.72,0.96,75,0.24,1.39,0.57,0.81,2.11,3.88,5.26,0,57.9,10,31.3,24.8,2.2,1.05,57.9,0.53,0.19,36.4,0.14,27.3,33.3,170.8,90.9,0.43,0.57,0.1,0.43,0.29,32.6,0.1,0.19,0,0,0.43,1.58,0,0.19,2.11,0.81,0,0,0,6.94,1.91,1.34,58.8,0,0,0,0,0,0,0,0,0,0,0,0,0,0,0,0,0,0,0,0,0,0,0,0,0,MF
36,dz ALG,West Ham,26,1995,23,0.26,3,1,33.3,3,1,0.03,0.09,21.9,0.22,0.17,0.17,0.3,0.17,0.06,-0.04,-0.08,26,34.6,75,354.5,90.8,16.3,18.5,88,7.65,10.5,73,1.09,2.65,41,0.13,0.2,0.14,-0.07,2.09,1.39,1,0.52,3.57,34.6,33.5,0.87,0.04,0.22,0.09,3.61,0.35,0.17,0.17,0,0,26,0.22,1.26,4,4,2.96,0.09,0.48,0.35,0.13,0,0.22,0.22,0.17,0,0.04,0,0,0,1.09,0.65,0.48,0.3,0.3,0.48,1.17,40.7,0.7,1,0.04,0.96,0.39,1.48,0.57,0,47.4,0.7,5.7,17.3,25.3,4.09,47.3,5.35,2.22,41.5,2.43,45.5,30.4,229.6,117.6,4.74,2.35,1.91,2.3,1.83,34.8,10.3,0,0,0,0.7,0.65,0.3,3.61,0.39,0.65,0,0,0,4.91,0.22,0.48,31.3,0,0,0,0,0,0,0,0,0,0,0,0,0,0,0,0,0,0,0,0,0,0,0,0,0,FW
37,uy URU,Tottenham,25,1997,16.7,0.3,0.9,0.54,60,0.9,0.54,0.33,0.56,15.8,0,0,0,0.13,0.13,0.15,0.17,0.17,44.2,52.7,83.9,687.5,190.3,22,24.7,89.1,18,20.1,89.6,2.34,4.19,55.7,0.12,0.05,0.04,0.07,0.66,3.23,0.54,0.24,4.55,52.7,51,1.5,0.66,0.18,0.18,0.96,0.24,0.06,0,0,0,44.2,0.18,1.14,2.04,2.04,1.62,0,0.06,0.12,0.06,0.18,0.3,0.3,0.12,0,0,0.06,0,0.12,2.69,1.68,0.9,1.26,0.54,0.96,1.68,57.1,0.72,1.68,0.9,0.78,1.2,3.89,1.32,0,64.1,3.11,17.7,36.6,10.5,1.14,64.1,2.04,1.26,61.8,0.66,32.4,34.8,179.7,86.5,1.56,0.84,0.06,1.32,1.02,43.8,1.14,0.48,0,0,1.44,0.48,0,0.96,1.2,1.68,0,0,0,7.66,0.9,0.96,48.4,0,0,0,0,0,0,0,0,0,0,0,0,0,0,0,0,0,0,0,0,0,0,0,0,0,MF
38,dk DEN,Bournemouth,26,1996,30.7,0.23,1.24,0.59,47.4,1.24,0.59,0.18,0.39,18.3,0.16,0,0,0.16,0.16,0.13,0.07,0.07,26.5,34.4,77.1,385.1,103.1,15,17.7,84.9,8.37,10.3,81.1,1.47,3.06,47.9,0.03,0.1,0.08,-0.07,0.85,1.6,0.29,0.1,2.61,34.4,32.9,1.4,0.65,0.16,0.33,1.24,0.2,0.33,0.16,0.03,0,26.5,0.1,1.04,1.76,1.76,1.34,0.07,0.16,0.16,0.03,0,0.2,0.2,0.13,0,0,0.07,0,0,2.05,1.17,0.68,1.07,0.29,0.36,1.37,26.2,1.01,1.56,0.26,1.3,1.01,3.06,1.89,0.03,45.9,2.48,10.9,21.7,13.9,2.31,45.9,1.6,0.91,57.1,0.49,30.6,23.7,120.8,55.2,1.21,1.01,0.2,1.37,1.14,29.3,3.29,0.16,0,0,0.98,1.14,0.1,1.24,1.01,1.17,0,0,0,4.76,1.69,1.14,59.8,0,0,0,0,0,0,0,0,0,0,0,0,0,0,0,0,0,0,0,0,0,0,0,0,0,MF
39,ml MLI,Tottenham,25,1996,11.2,0,0.54,0,0,0.53,0,0,,26.7,0,0,0,0.02,0.02,0.03,-0.02,-0.02,59.5,65.4,90.9,929.6,208.3,30.4,31.9,95.2,24.2,25.8,93.8,3.39,4.29,79.2,0,0.04,0.04,-0.04,0.71,4.91,0.45,0.09,5.54,65.4,63.8,1.43,0.98,0.09,0.45,0.18,0.09,0,0,0,0,59.5,0.27,1.07,2.59,2.58,2.14,0,0.09,0.09,0.09,0.18,0.09,0.09,0.09,0,0,0,0,0,1.43,1.16,0.54,0.54,0.36,0.18,0.63,28.6,0.45,1.34,0.54,0.8,1.07,2.5,0.89,0,73.8,2.05,14.6,47.9,11.3,0.18,73.8,0.8,0.63,77.8,0.18,22.2,45,246.5,102.1,1.25,1.16,0.09,1.43,0.71,54.7,0.89,0.54,0,0,1.52,0.89,0.09,0.18,1.07,1.16,0,0,0,6.07,0.54,1.07,33.3,0,0,0,0,0,0,0,0,0,0,0,0,0,0,0,0,0,0,0,0,0,0,0,0,0,MF
40,nl NED,Newcastle Utd,22,2000,34.7,0,0.63,0.2,31.8,0.63,0.2,0,0,10.2,0,0,0,0.07,0.07,0.11,-0.07,-0.07,44,50.9,86.5,883.6,323.7,13.8,15.6,88.4,24.6,26.8,92,5.13,7.44,69,0,0.03,0.03,-0.03,0.26,1.7,0.12,0.03,2.51,50.9,49.5,1.21,0.92,0,0.86,0.03,0.12,0,0,0,0,44,0.17,0.2,0.69,0.69,0.52,0.03,0,0.14,0,0,0.03,0.03,0,0,0,0.03,0,0,1.1,0.69,0.89,0.2,0,0.63,0.81,78.6,0.17,1.27,0.69,0.58,0.98,2.07,3.63,0.06,59.8,9.74,34.2,23.1,2.74,1.53,59.8,0.03,0.03,100,0,0,33.7,151.6,81,0.23,0.14,0.06,0.29,0.06,38.8,0.14,0.06,0,0,0.43,0.35,0.06,0.03,0.98,0.69,0,0.03,0,5.24,2.16,1.15,65.2,0,0,0,0,0,0,0,0,0,0,0,0,0,0,0,0,0,0,0,0,0,0,0,0,0,DF
41,eng ENG,West Ham,25,1996,35.9,0.17,2.03,0.58,28.8,2.03,0.58,0.07,0.24,16.2,0.03,0.03,0.06,0.25,0.22,0.11,-0.08,-0.08,15.4,24.5,62.7,243,71.1,8.69,10.7,81,4.74,6.27,75.6,1.45,4.57,31.7,0.14,0.21,0.17,-0.07,1.34,1.09,0.67,0.25,2.01,24.5,21.4,3.04,0.31,0.17,0.11,4.43,0.08,2.51,2.37,0,0,15.4,0.11,1.62,3.01,3.01,1.62,0.42,0.28,0.36,0.28,0.06,0.39,0.39,0.17,0.08,0,0.06,0.08,0,1.09,0.45,0.39,0.31,0.39,0.45,1.62,27.6,1.17,1.31,0.25,1.06,1,2.09,0.7,0,36.7,0.89,5.18,12.6,19.3,4.37,36.7,3.29,1,30.5,1.53,46.6,20.4,155,61.3,2.81,1.23,1.56,1.95,1.53,22.1,5.93,0.06,0,0,0.72,1.92,0.28,4.43,1,0.45,0.08,0.03,0,4.23,0.95,1.89,33.3,0,0,0,0,0,0,0,0,0,0,0,0,0,0,0,0,0,0,0,0,0,0,0,0,0,FW
42,ar ARG,Aston Villa,25,1996,26.8,0.19,1.83,0.41,22.4,1.83,0.41,0.1,0.45,15.9,0.07,0,0,0.24,0.24,0.13,-0.05,-0.05,29.4,38.1,77.2,450.8,115.3,16.2,19.1,84.6,9.51,12.1,78.9,2.35,3.36,70,0.07,0.21,0.16,-0.14,1.53,3.13,1.53,0,5.15,38.1,35.6,2.35,0.26,0.41,0.26,0.67,0.26,0.19,0.07,0,0.04,29.4,0.11,1.42,3.36,3.36,2.69,0.07,0.3,0.11,0.15,0.04,0.37,0.37,0.26,0,0.04,0.07,0,0,1.94,0.86,0.75,0.75,0.45,0.78,2.76,28.4,1.98,0.75,0.07,0.67,0.75,2.69,0.63,0,49.9,1.42,7.54,23.7,19.3,3.47,49.9,2.2,1.01,45.8,0.97,44.1,30.9,147.6,73.5,2.24,1.72,0.71,2.35,2.16,35.6,5.11,0,0,0,1.6,1.64,0.04,0.67,0.75,0.86,0,0,0,5.15,0.86,2.01,29.9,0,0,0,0,0,0,0,0,0,0,0,0,0,0,0,0,0,0,0,0,0,0,0,0,0,FW
43,es ESP,Wolves,19,2002,14.6,0,0.27,0.07,25,0.27,0.07,0,0,18.5,0,0,0,0.01,0.01,0.04,-0.01,-0.01,37.5,46.5,80.6,527.2,152.5,23.3,25.3,92.1,11.9,14.7,81.3,1.3,3.7,35.2,0.07,0.09,0.07,-0.02,1.1,1.64,0.68,0.41,2.67,46.5,36.7,9.59,0.62,0,0,4.11,7.74,1.23,0.14,1.1,0,37.5,0.21,1.44,2.05,2.06,1.51,0.48,0,0.07,0,0,0.07,0.07,0.07,0,0,0,0,0,2.26,1.1,1.58,0.41,0.27,1.16,2.26,51.5,1.1,0.96,0.07,0.89,0.68,2.95,2.47,0,57.2,3.63,21.8,18.8,17.1,0.96,57.2,2.33,0.96,41.2,0.96,41.2,27.1,185.9,97.4,3.56,1.99,0.27,1.1,0.75,30.5,4.38,0.07,0,0,0.48,0.48,0.07,4.11,0.68,1.1,0,0,0,6.16,0.68,1.16,37,0,0,0,0,0,0,0,0,0,0,0,0,0,0,0,0,0,0,0,0,0,0,0,0,0,DF
44,eng ENG,Newcastle Utd,30,1992,34.6,0.03,0.61,0.12,19,0.61,0.12,0.05,0.25,12.2,0,0,0,0.06,0.06,0.1,-0.03,-0.03,39.3,49.6,79.4,642.6,255.9,19.5,22.1,88,16.4,19.7,83,2.72,5.29,51.4,0,0.04,0.04,-0.04,0.46,2.95,0.32,0.06,3.41,49.6,41.5,7.95,0.49,0,0.2,0.49,7.43,0,0,0,0,39.3,0.09,0.84,1.16,1.16,1.01,0.06,0,0.09,0,0,0.09,0.09,0.09,0,0,0,0,0,1.73,1.1,0.84,0.66,0.23,0.98,1.94,50.7,0.95,1.21,0.46,0.75,0.92,2.66,3.47,0.06,59.9,4.57,22.7,27.2,10.3,1.79,59.9,0.72,0.32,44,0.35,48,26.8,125.1,63.5,0.84,0.64,0.14,0.98,0.26,32.3,1.33,0.14,0,0,1.01,0.12,0.2,0.49,0.92,1.1,0,0.03,0,4.8,2.43,1.07,69.4,0,0,0,0,0,0,0,0,0,0,0,0,0,0,0,0,0,0,0,0,0,0,0,0,0,DF
45,ec ECU,Brighton,20,2001,34.9,0.03,0.8,0.23,28.6,0.8,0.23,0.04,0.13,23.9,0,0,0,0.05,0.05,0.06,-0.02,-0.02,57.1,64.5,88.5,864.7,230.3,31.9,34.4,92.5,19.6,21.6,90.5,3.61,4.56,79.2,0.03,0.08,0.07,-0.05,1.23,5.19,1,0.2,6.28,64.5,63.4,1.06,0.34,0.32,0.26,0.49,0.72,0,0,0,0,57.1,0,1.09,2.52,2.52,2.32,0,0.06,0.09,0.03,0.03,0.14,0.14,0.14,0,0,0,0,0,2.87,1.43,1.17,1.35,0.34,1.15,1.95,58.8,0.8,1.23,0.2,1.03,1.6,4.47,0.89,0.09,74.6,2.61,15.9,43.6,16,0.8,74.6,1.55,0.8,51.9,0.6,38.9,43.2,178.2,82.4,1.09,0.92,0.17,1.12,0.66,54.2,1.75,0.29,0,0,1.86,1.55,0,0.49,1.6,1.43,0,0,0,7.11,1.06,0.57,64.9,0,0,0,0,0,0,0,0,0,0,0,0,0,0,0,0,0,0,0,0,0,0,0,0,0,MF
46,sct SCO,Fulham,31,1991,11,0.18,1.91,0.18,9.5,1.91,0.18,0.1,1,18.6,0,0,0,0.14,0.14,0.07,0.05,0.05,57.5,68.2,84.3,921.2,220.7,29.6,32,92.6,20.9,24,87.1,4.64,7.64,60.7,0,0.13,0.14,-0.13,1.09,6.36,1.73,0.45,8.36,68.2,65,3,0.82,0.18,0.36,3.36,0.36,1.55,0.64,0.27,0,57.5,0.18,1.18,4.09,4.1,3.18,0.36,0.09,0.18,0.18,0.09,0.27,0.27,0.27,0,0,0,0,0,1.55,0.55,0.36,0.73,0.45,0.64,0.91,70,0.27,1.64,0.27,1.36,0.45,2,0.27,0,79.3,0.91,11.5,38.7,30.2,2.82,79.3,1.91,0.82,42.9,0.73,38.1,52.1,284,137.8,3.09,2.45,0.55,2.09,1.91,60.6,5.18,0.18,0,0,0.73,2,0,3.36,0.45,0.55,0.09,0,0,6.91,0.73,0.91,44.4,0,0,0,0,0,0,0,0,0,0,0,0,0,0,0,0,0,0,0,0,0,0,0,0,0,MF
47,hr CRO,Southampton,25,1996,10.5,0.1,0.48,0.19,40,0.48,0.19,0.2,0.5,12.3,0,0,0,0.08,0.08,0.16,0.02,0.02,45.7,54.1,84.5,895,333.7,14.8,16.5,89.6,25.5,27.5,92.7,5.05,8.86,57,0,0,0.02,0,0.1,2.48,0,0,3.14,54.1,51.6,2.1,1.62,0,0.29,0.1,0.1,0,0,0,0,45.7,0.38,0.1,0.57,0.57,0.57,0,0,0,0,0,0,0,0,0,0,0,0,0,1.33,0.95,0.86,0.38,0.1,0.57,0.86,66.7,0.29,1.43,1.05,0.38,1.43,2.76,6.19,0.1,66.2,13,39.6,25.5,1.43,0.86,66.2,0.19,0.19,100,0,0,36.9,174.2,94.6,0.48,0.1,0,0.1,0.19,40.9,0,0.19,0,0,0.86,0.1,0,0.1,1.43,0.95,0,0,0,5.14,1.81,1.24,59.4,0,0,0,0,0,0,0,0,0,0,0,0,0,0,0,0,0,0,0,0,0,0,0,0,0,DF
48,eng ENG,Everton,25,1997,12.9,0.16,2.33,0.7,30,2.32,0.7,0.03,0.11,11.8,0,0.08,0.08,0.45,0.39,0.17,-0.29,-0.31,10.2,17.1,59.3,122.1,24.7,6.43,9.69,66.4,2.25,4.19,53.7,0.39,0.62,62.5,0.08,0.06,0.06,0.02,0.7,1.01,0.31,0,1.16,17.1,17.1,0.08,0,0,0.08,0.47,0,0,0,0,0,10.2,0,0.7,1.86,1.85,1.24,0,0.39,0.08,0.16,0,0.31,0.31,0.16,0,0.08,0,0.08,0,0.31,0.16,0.08,0,0.23,0.08,0.39,20,0.31,0.39,0.08,0.31,0.23,0.54,1.4,0,29.1,1.55,3.02,11.1,15.5,4.57,29.1,2.17,1.16,53.6,0.78,35.7,14.4,75.3,31.4,1.4,0.85,0.78,3.1,0.93,22.2,4.34,0.23,0,0,1.71,1.09,1.47,0.47,0.23,0.16,0.08,0,0,2.17,5.12,5.58,47.8,0,0,0,0,0,0,0,0,0,0,0,0,0,0,0,0,0,0,0,0,0,0,0,0,0,FW
49,pt POR,Manchester City,28,1994,14.2,0.14,1.2,0.21,17.6,1.2,0.21,0.12,0.67,22.7,0,0,0,0.06,0.06,0.05,0.08,0.08,73,85.9,84.9,1174.2,292,40.7,43.7,93.1,25.6,30.3,84.4,5.7,8.66,65.9,0.07,0.06,0.11,0.01,0.85,5.63,2.54,0.63,7.46,85.9,78.9,6.9,1.41,0.14,0.99,3.17,5.49,0,0,0,0,73,0.14,1.06,2.75,2.76,2.11,0,0.14,0.35,0.07,0.07,0.42,0.42,0.35,0,0.07,0,0,0,2.04,1.48,1.13,0.63,0.28,1.2,1.69,70.8,0.49,0.49,0.07,0.42,1.34,3.38,0.63,0.07,96,1.41,15.8,48.3,32.5,3.31,96,4.3,2.18,50.8,1.62,37.7,59.2,346.5,201.5,5.14,2.82,1.48,1.27,0.99,71.8,8.8,0.21,0.07,0,0.92,1.27,0.28,3.17,1.34,1.48,0,0.14,0,5.63,1.9,0.77,71.1,0,0,0,0,0,0,0,0,0,0,0,0,0,0,0,0,0,0,0,0,0,0,0,0,0,DF
50,br BRA,Manchester Utd,30,1992,23.6,0.17,1.44,0.47,32.4,1.44,0.47,0.12,0.36,21.6,0,0,0,0.14,0.14,0.1,0.03,0.03,47.2,61,77.4,839,311.5,21.8,26,83.9,18.9,23.1,81.8,5.34,8.64,61.8,0.13,0.13,0.17,0,1.19,5.76,0.97,0.17,6.44,61,59.7,1.02,0.93,0.51,0.55,0.81,0.04,0,0,0,0,47.2,0.3,1.23,2.88,2.88,2.58,0,0,0.21,0.08,0,0.34,0.34,0.34,0,0,0,0,0,3.73,1.95,1.82,1.48,0.42,1.99,3.9,51.1,1.91,2.08,0.47,1.61,1.44,5.17,2.71,0,74.4,4.66,22.5,40.2,12.4,1.02,74.4,0.85,0.38,45,0.34,40,36,119.8,59.5,0.59,0.72,0.04,0.76,0.59,46.7,1.44,0.3,0.08,0,2.03,1.02,0.04,0.81,1.44,1.95,0,0.04,0,8.69,2.37,1.27,65.1,0,0,0,0,0,0,0,0,0,0,0,0,0,0,0,0,0,0,0,0,0,0,0,0,0,MF